{"@module": "matbench.bench", "@class": "MatbenchBenchmark", "version": "0.6", "tasks": {"matbench_steels": {"@class": "MatbenchTask", "@module": "matbench.task", "benchmark_name": "matbench_v0.1", "dataset_name": "matbench_steels", "results": {"fold_0": {"data": {"mb-steels-003": 1663.39013671875, "mb-steels-005": 2406.316650390625, "mb-steels-020": 1142.996826171875, "mb-steels-026": 1293.888916015625, "mb-steels-027": 1830.0662841796875, "mb-steels-032": 1483.2388916015625, "mb-steels-035": 1311.0067138671875, "mb-steels-041": 1324.1551513671875, "mb-steels-045": 1264.5723876953125, "mb-steels-046": 1299.6505126953125, "mb-steels-064": 1262.9364013671875, "mb-steels-066": 1303.1544189453125, "mb-steels-068": 1333.2467041015625, "mb-steels-071": 1412.1993408203125, "mb-steels-072": 1339.3291015625, "mb-steels-076": 1333.2467041015625, "mb-steels-077": 1374.81591796875, "mb-steels-089": 1311.420166015625, "mb-steels-093": 1364.6934814453125, "mb-steels-096": 1134.3834228515625, "mb-steels-104": 1374.8621826171875, "mb-steels-106": 1248.185546875, "mb-steels-108": 2123.3017578125, "mb-steels-111": 1308.144287109375, "mb-steels-120": 1363.2965087890625, "mb-steels-122": 1367.0440673828125, "mb-steels-128": 1327.6995849609375, "mb-steels-133": 1041.218017578125, "mb-steels-138": 1796.156005859375, "mb-steels-141": 1770.200439453125, "mb-steels-146": 1395.041259765625, "mb-steels-161": 1236.8311767578125, "mb-steels-174": 1460.733642578125, "mb-steels-175": 1105.9539794921875, "mb-steels-177": 1086.610595703125, "mb-steels-179": 1297.9000244140625, "mb-steels-181": 1363.59521484375, "mb-steels-182": 1301.4322509765625, "mb-steels-196": 1299.3006591796875, "mb-steels-209": 1690.75830078125, "mb-steels-210": 1301.2283935546875, "mb-steels-225": 1209.5125732421875, "mb-steels-232": 1161.0247802734375, "mb-steels-234": 1216.5465087890625, "mb-steels-242": 1476.4267578125, "mb-steels-244": 1687.0830078125, "mb-steels-252": 1257.812744140625, "mb-steels-254": 1698.38916015625, "mb-steels-257": 1764.6134033203125, "mb-steels-266": 1215.45361328125, "mb-steels-267": 1037.76318359375, "mb-steels-269": 1516.269775390625, "mb-steels-272": 1173.14013671875, "mb-steels-273": 1344.3734130859375, "mb-steels-275": 1544.9884033203125, "mb-steels-281": 1308.58984375, "mb-steels-283": 1244.580810546875, "mb-steels-290": 1442.5355224609375, "mb-steels-294": 1602.5989990234375, "mb-steels-300": 1659.73193359375, "mb-steels-303": 1764.1844482421875, "mb-steels-309": 1048.1112060546875, "mb-steels-310": 1337.680908203125}, "parameters": {}, "scores": {"mae": 105.63630216083828, "mape": 0.06943218931314625, "max_error": 522.619091796875, "rmse": 155.80082912832717}, "uncertainty": null}, "fold_1": {"data": {"mb-steels-004": 2401.343994140625, "mb-steels-009": 1214.3756103515625, "mb-steels-010": 1306.466796875, "mb-steels-012": 2425.42431640625, "mb-steels-024": 1340.754638671875, "mb-steels-030": 1350.08544921875, "mb-steels-040": 1236.2841796875, "mb-steels-047": 1237.830078125, "mb-steels-060": 1207.1739501953125, "mb-steels-062": 1608.188232421875, "mb-steels-067": 1385.29736328125, "mb-steels-069": 1318.3370361328125, "mb-steels-090": 1136.7615966796875, "mb-steels-094": 1616.059814453125, "mb-steels-097": 1354.209228515625, "mb-steels-099": 1346.1201171875, "mb-steels-100": 1340.8209228515625, "mb-steels-110": 1447.3577880859375, "mb-steels-112": 1290.4986572265625, "mb-steels-114": 1343.9271240234375, "mb-steels-117": 1308.5418701171875, "mb-steels-118": 1330.7882080078125, "mb-steels-124": 1106.7281494140625, "mb-steels-135": 1791.9549560546875, "mb-steels-137": 1777.4046630859375, "mb-steels-139": 1748.6309814453125, "mb-steels-142": 1752.652587890625, "mb-steels-143": 1249.70849609375, "mb-steels-148": 1073.8846435546875, "mb-steels-151": 1077.1986083984375, "mb-steels-152": 1125.529541015625, "mb-steels-155": 1426.654296875, "mb-steels-156": 1275.3326416015625, "mb-steels-158": 1432.496826171875, "mb-steels-166": 1533.5064697265625, "mb-steels-180": 1544.618896484375, "mb-steels-184": 1336.3370361328125, "mb-steels-185": 1301.7760009765625, "mb-steels-189": 1339.4837646484375, "mb-steels-190": 1374.7264404296875, "mb-steels-191": 1476.2296142578125, "mb-steels-192": 1308.1676025390625, "mb-steels-198": 1421.25732421875, "mb-steels-201": 1161.3116455078125, "mb-steels-212": 1192.8045654296875, "mb-steels-215": 1181.89892578125, "mb-steels-216": 1426.27392578125, "mb-steels-226": 1182.51025390625, "mb-steels-230": 1238.9912109375, "mb-steels-231": 1792.6436767578125, "mb-steels-236": 1079.1446533203125, "mb-steels-238": 1050.6014404296875, "mb-steels-248": 1324.714111328125, "mb-steels-251": 1598.2353515625, "mb-steels-263": 1695.3826904296875, "mb-steels-274": 1765.451171875, "mb-steels-278": 1182.3621826171875, "mb-steels-279": 1264.2928466796875, "mb-steels-287": 1221.6307373046875, "mb-steels-288": 1716.571533203125, "mb-steels-297": 1774.2830810546875, "mb-steels-298": 1727.307861328125, "mb-steels-302": 1667.2352294921875}, "parameters": {}, "scores": {"mae": 66.3153579954117, "mape": 0.047819196026702177, "max_error": 373.0511718749999, "rmse": 90.46326435184828}, "uncertainty": null}, "fold_2": {"data": {"mb-steels-017": 2386.28662109375, "mb-steels-019": 1431.8388671875, "mb-steels-021": 2376.108154296875, "mb-steels-023": 1347.383544921875, "mb-steels-033": 1372.4407958984375, "mb-steels-048": 1387.658935546875, "mb-steels-053": 1256.069091796875, "mb-steels-054": 1592.0152587890625, "mb-steels-059": 1523.1739501953125, "mb-steels-065": 1326.567626953125, "mb-steels-070": 1401.70654296875, "mb-steels-074": 1510.5216064453125, "mb-steels-078": 1557.431884765625, "mb-steels-080": 1554.5609130859375, "mb-steels-081": 1692.193115234375, "mb-steels-083": 1164.0718994140625, "mb-steels-084": 1565.97119140625, "mb-steels-087": 1556.7235107421875, "mb-steels-102": 1320.43798828125, "mb-steels-107": 1284.4359130859375, "mb-steels-121": 1123.6220703125, "mb-steels-123": 1535.5030517578125, "mb-steels-125": 1085.7889404296875, "mb-steels-127": 1697.5355224609375, "mb-steels-131": 1734.9700927734375, "mb-steels-132": 1144.807861328125, "mb-steels-140": 1396.431884765625, "mb-steels-149": 1274.1268310546875, "mb-steels-153": 1308.329345703125, "mb-steels-157": 1592.6767578125, "mb-steels-162": 1075.5838623046875, "mb-steels-163": 1438.747314453125, "mb-steels-164": 1075.7279052734375, "mb-steels-165": 1182.8944091796875, "mb-steels-168": 1128.25634765625, "mb-steels-169": 1216.7572021484375, "mb-steels-172": 1154.91357421875, "mb-steels-186": 1283.158447265625, "mb-steels-193": 1288.3614501953125, "mb-steels-194": 1298.898193359375, "mb-steels-202": 1270.9278564453125, "mb-steels-207": 1207.4376220703125, "mb-steels-208": 1270.9278564453125, "mb-steels-213": 1103.8155517578125, "mb-steels-214": 1164.94580078125, "mb-steels-217": 1374.88671875, "mb-steels-218": 1219.220703125, "mb-steels-220": 1236.5281982421875, "mb-steels-222": 1170.0242919921875, "mb-steels-223": 1194.4080810546875, "mb-steels-235": 1666.564453125, "mb-steels-237": 1237.513916015625, "mb-steels-241": 1493.315673828125, "mb-steels-255": 1212.814697265625, "mb-steels-258": 1402.5283203125, "mb-steels-259": 1728.7276611328125, "mb-steels-260": 1691.187255859375, "mb-steels-277": 1354.38916015625, "mb-steels-284": 1701.614990234375, "mb-steels-289": 1724.848388671875, "mb-steels-301": 1394.2198486328125, "mb-steels-307": 1211.0257568359375}, "parameters": {}, "scores": {"mae": 78.27863927041332, "mape": 0.05540252004149377, "max_error": 384.7483886718751, "rmse": 107.12253766248675}, "uncertainty": null}, "fold_3": {"data": {"mb-steels-002": 1356.637939453125, "mb-steels-007": 2370.951171875, "mb-steels-014": 2374.393798828125, "mb-steels-022": 2401.1640625, "mb-steels-031": 2401.52294921875, "mb-steels-034": 1876.6004638671875, "mb-steels-042": 1435.3802490234375, "mb-steels-043": 2136.494873046875, "mb-steels-044": 1174.598388671875, "mb-steels-049": 1566.1827392578125,